component,explained_variance_ratio
PC1,0.5184563792617027
PC2,0.24037197962573076
PC3,0.09795201348569366
PC4,0.06227240567228637
PC5,0.056240208488366444
PC6,0.02470701346621992
